{"cameraMode":{"drawMode":0,"name":"Shaded","section":"Shading Mode"},"sceneLighting":true,"audioPlay":false,"sceneViewState":{"showFog":true,"showMaterialUpdate":false,"showSkybox":true,"showFlares":true,"showImageEffects":true,"showParticleSystems":true},"in2DMode":false,"pivot":{"x":4.725416660308838,"y":-0.15347719192504884,"z":31.606422424316408},"rotation":{"x":-0.03321845829486847,"y":-0.07130298018455506,"z":0.002376809250563383,"w":-0.9969035983085632},"size":35.235782623291019,"orthographic":false}